name,reaction_smarts
Pictet-Spengler,"[cH1:1]1:[c:2](-[CH2:7]-[CH2:8]-[NH2:9]):[c:3]:[c:4]:[c:5]:[c:6]:1.[#6:11]-[CH1;R0:10]=[OD1]>>[c:1]12:[c:2](-[CH2:7]-[CH2:8]-[NH1:9]-[C:10]-2(-[#6:11])):[c:3]:[c:4]:[c:5]:[c:6]:1"
benzimidazole_derivatives_carboxylic-acid/ester,"[c;r6:1](-[NH1;$(N-[#6]):2]):[c;r6:3](-[NH2:4]).[#6:6]-[C;R0:5](=[OD1])-[#8;H1,$(O-[CH3])]>>[c:3]2:[c:1]:[n:2]:[c:5](-[#6:6]):[n:4]2"
benzimidazole_derivatives_aldehyde,"[c;r6:1](-[NH1;$(N-[#6]):2]):[c;r6:3](-[NH2:4]).[#6:6]-[CH1;R0:5](=[OD1])>>[c:3]2:[c:1]:[n:2]:[c:5](-[#6:6]):[n:4]2"
benzothiazole,"[c;r6:1](-[SH1:2]):[c;r6:3](-[NH2:4]).[#6:6]-[CH1;R0:5](=[OD1])>>[c:3]2:[c:1]:[s:2]:[c:5](-[#6:6]):[n:4]2"
benzoxazole_arom-aldehyde,"[c:1](-[OH1;$(Oc1ccccc1):2]):[c;r6:3](-[NH2:4]).[c:6]-[CH1;R0:5](=[OD1])>>[c:3]2:[c:1]:[o:2]:[c:5](-[c:6]):[n:4]2"
benzoxazole_carboxylic-acid,"[c;r6:1](-[OH1:2]):[c;r6:3](-[NH2:4]).[#6:6]-[C;R0:5](=[OD1])-[OH1]>>[c:3]2:[c:1]:[o:2]:[c:5](-[#6:6]):[n:4]2"
thiazole,"[#6:6]-[C;R0:1](=[OD1])-[CH1;R0:5](-[#6:7])-[*;#17,#35,#53].[NH2:2]-[C:3]=[SD1:4]>>[c:1]2(-[#6:6]):[n:2]:[c:3]:[s:4][c:5]([#6:7]):2"
Niementowski_quinazoline,"[c:1](-[C;$(C-c1ccccc1):2](=[OD1:3])-[OH1]):[c:4](-[NH2:5]).[N;!H0;!$(N-N);!$(N-C=N);!$(N(-C=O)-C=O):6]-[C;H1,$(C-[#6]):7]=[OD1]>>[c:4]2:[c:1]-[C:2](=[O:3])-[N:6]-[C:7]=[N:5]-2"
tetrazole_terminal,"[CH0;$(C-[#6]):1]#[NH0:2]>>[C:1]1=[N:2]-N-N=N-1"
tetrazole_connect_regioisomere_1,"[CH0;$(C-[#6]):1]#[NH0:2].[C;A;!$(C=O):3]-[*;#17,#35,#53]>>[C:1]1=[N:2]-N(-[C:3])-N=N-1"
tetrazole_connect_regioisomere_2,"[CH0;$(C-[#6]):1]#[NH0:2].[C;A;!$(C=O):3]-[*;#17,#35,#53]>>[C:1]1=[N:2]-N=N-N-1(-[C:3])"
"Huisgen_Cu-catalyzed_1,4-subst","[CH0;$(C-[#6]):1]#[CH1:2].[C;H1,H2;A;!$(C=O):3]-[*;#17,#35,#53,OH1]>>[C:1]1=[C:2]-N(-[C:3])-N=N-1"
"Huisgen_Ru-catalyzed_1,5_subst","[CH0;$(C-[#6]):1]#[CH1:2].[C;H1,H2;A;!$(C=O):3]-[*;#17,#35,#53,OH1]>>[C:1]1=[C:2]-N=NN(-[C:3])-1"
Huisgen_disubst-alkyne,"[CH0;$(C-[#6]):1]#[CH0;$(C-[#6]):2].[C;H1,H2;A;!$(C=O):3]-[*;#17,#35,#53,OH1]>>[C:1]1=[C:2]-N=NN(-[C:3])-1"
"1,2,4-triazole_acetohydrazide","[CH0;$(C-[#6]):1]#[NH0:2].[NH2:3]-[NH1:4]-[CH0;$(C-[#6]);R0:5]=[OD1]>>[N:2]1-[C:1]=[N:3]-[N:4]-[C:5]=1"
"1,2,4-triazole_carboxylic-acid/ester","[CH0;$(C-[#6]):1]#[NH0:2].[CH0;$(C-[#6]);R0:5](=[OD1])-[#8;H1,$(O-[CH3]),$(O-[CH2]-[CH3])]>>[N:2]1-[C:1]=N-N-[C:5]=1"
spiro-chromanone,"[c:1](-[C;$(C-c1ccccc1):2](=[OD1:3])-[CH3:4]):[c:5](-[OH1:6]).[C;$(C1-[CH2]-[CH2]-[N,C]-[CH2]-[CH2]-1):7](=[OD1])>>[O:6]1-[c:5]:[c:1]-[C:2](=[OD1:3])-[C:4]-[C:7]-1"
phthalazinone,"[c;r6:1](-[C;$(C=O):6]-[OH1]):[c;r6:2]-[C;H1,$(C-C):3]=[OD1].[NH2:4]-[NH1;$(N-[#6]);!$(NC=[O,S,N]):5]>>[c:1]1:[c:2]-[C:3]=[N:4]-[N:5]-[C:6]-1"
triaryl-imidazole,"[C;$(C-c1ccccc1):1](=[OD1])-[C;D3;$(C-c1ccccc1):2]~[O;D1,H1].[CH1;$(C-c):3]=[OD1]>>[C:1]1-N=[C:3]-[NH1]-[C:2]=1"
Friedlaender_chinoline,"[NH2;$(N-c1ccccc1):1]-[c:2]:[c:3]-[CH1:4]=[OD1].[C;$(C([#6])[#6]):6](=[OD1])-[CH2;$(C([#6])[#6]);!$(C(C=O)C=O):5]>>[N:1]1-[c:2]:[c:3]-[C:4]=[C:5]-[C:6]:1"
oxadiazole,"[#6:6][C:5]#[#7;D1:4].[#6:1][C:2](=[OD1:3])[OH1]>>[#6:6][c:5]1[n:4][o:3][c:2]([#6:1])n1"
piperidine_indole,"[c;H1:3]1:[c:4]:[c:5]:[c;H1:6]:[c:7]2:[nH:8]:[c:9]:[c;H1:1]:[c:2]:1:2.O=[C:10]1[#6;H2:11][#6;H2:12][N:13][#6;H2:14][#6;H2:15]1>>[#6;H2:12]3[#6;H1:11]=[C:10]([c:1]1:[c:9]:[n:8]:[c:7]2:[c:6]:[c:5]:[c:4]:[c:3]:[c:2]:1:2)[#6;H2:15][#6;H2:14][N:13]3"
Mitsunobu_phenole,"[C;H1&$(C([#6])[#6]),H2&$(C[#6]):1][OH1].[OH1;$(Oc1ccccc1):2]>>[C:1][O:2]"
Mitsunobu_tetrazole_1,"[C;H1&$(C([#6])[#6]),H2&$(C[#6]):1][OH1].[#7H1:2]1~[#7:3]~[#7:4]~[#7:5]~[#6:6]~1>>[C:1][#7:2]1:[#7:3]:[#7:4]:[#7:5]:[#6:6]:1"
Mitsunobu_tetrazole_2,"[C;H1&$(C([#6])[#6]),H2&$(C[#6]):1][OH1].[#7H1:2]1~[#7:3]~[#7:4]~[#7:5]~[#6:6]~1>>[#7H0:2]1:[#7:3]:[#7H0:4]([C:1]):[#7:5]:[#6:6]:1"
Mitsunobu_tetrazole_3,"[C;H1&$(C([#6])[#6]),H2&$(C[#6]):1][OH1].[#7:2]1~[#7:3]~[#7H1:4]~[#7:5]~[#6:6]~1>>[C:1][#7H0:2]1:[#7:3]:[#7H0:4]:[#7:5]:[#6:6]:1"
Mitsunobu_tetrazole_4,"[C;H1&$(C([#6])[#6]),H2&$(C[#6]):1][OH1].[#7:2]1~[#7:3]~[#7H1:4]~[#7:5]~[#6:6]~1>>[#7:2]1:[#7:3]:[#7:4]([C:1]):[#7:5]:[#6:6]:1"
Grignard_carbonyl,"[#6:1][C:2]#[#7;D1].[Cl,Br,I][#6;$([#6]~[#6]);!$([#6]([Cl,Br,I])[Cl,Br,I]);!$([#6]=O):3]>>[#6:1][C:2](=O)[#6:3]"
sulfon_amide,"[S;$(S(=O)(=O)[C,N]):1][Cl].[N;$(NC);!$(N=*);!$([N-]);!$(N#*);!$([ND3]);!$([ND4]);!$(N[c,O]);!$(N[C,S]=[S,O,N]):2]>>[S:1][N+0:2]"
imidazole,"[C;$(C([#6])[#6;!$([#6]Br)]):4](=[OD1])[CH;$(C([#6])[#6]):5]Br.[#7;H2:3][C;$(C(=N)(N)[c,#7]):2]=[#7;H1;D1:1]>>[C:4]1=[CH0:5][NH:3][C:2]=[N:1]1"
heteroaromatic_nuc_sub,"[c;!$(c1ccccc1);$(c1[n,c]c[n,c]c[n,c]1):1][Cl,F].[N;$(NC);!$(N=*);!$([N-]);!$(N#*);!$([ND3]);!$([ND4]);!$(N[c,O]);!$(N[C,S]=[S,O,N]):2]>>[c:1][N:2]"
nucl_sub_aromatic_ortho_nitro,"[c;$(c1c(N(~O)~O)cccc1):1][Cl,F].[N;$(NC);!$(N=*);!$([N-]);!$(N#*);!$([ND3]);!$([ND4]);!$(N[c,O]);!$(N[C,S]=[S,O,N]):2]>>[c:1][N:2]"
nucl_sub_aromatic_para_nitro,"[c;$(c1ccc(N(~O)~O)cc1):1][Cl,F].[N;$(NC);!$(N=*);!$([N-]);!$(N#*);!$([ND3]);!$([ND4]);!$(N[c,O]);!$(N[C,S]=[S,O,N]):2]>>[c:1][N:2]"
urea,"[N;$(N-[#6]):3]=[C;$(C=O):1].[N;$(N[#6]);!$(N=*);!$([N-]);!$(N#*);!$([ND3]);!$([ND4]);!$(N[O,N]);!$(N[C,S]=[S,O,N]):2]>>[N:3]-[C:1]-[N+0:2]"
thiourea,"[N;$(N-[#6]):3]=[C;$(C=S):1].[N;$(N[#6]);!$(N=*);!$([N-]);!$(N#*);!$([ND3]);!$([ND4]);!$(N[O,N]);!$(N[C,S]=[S,O,N]):2]>>[N:3]-[C:1]-[N+0:2]"
Bischler-Napieralski,"[$(C([CH2,CH3])),CH:10](=[O:11])-[NH+0:9]-[C$(C(N)(C)(C)(C)),C$([CH](N)(C)(C)),C$([CH2](N)(C)):8]-[C$(C(c)(C)(C)(C)),C$([CH](c)(C)(C)),C$([CH2](c)(C)):7]-[c:6]1[cH:1][c:2][c:3][c:4][c:5]1>>[C:10]-1=[N+0:9]-[C:8]-[C:7]-[c:6]2[c:5][c:4][c:3][c:2][c:1]-12"
Pictet-Gams,"[$(C([CH2,CH3])),CH:10](=[O:11])-[NH+0:9]-[C$([CH](N)(C)(C)),C$([CH2](N)(C)):8]-[C$([C](c)(C)(C)),C$([CH](c)(C)):7]([O$(OC),OH])-[c:6]1[cH:1][c:2][c:3][c:4][c:5]1>>[c:10]-1[n:9][c:8][c:7][c:6]2[c:5][c:4][c:3][c:2][c:1]-12"
Pictet-Spengler-5-membered-ring,"[NH3+,NH2]-[C$(C(N)(C)(C)(C)),C$([CH](N)(C)(C)),C$([CH2](N)(C)):8]-[C$(C(c)(C)(C)(C)),C$([CH](c)(C)(C)),C$([CH2](c)(C)):7]-[c:6]1[c:1][c:2][nH:3][cH:5]1.[CH:10](-[CX4:12])=[O:11]>>[c,C:12]-[CH:10]-1-[N]-[C:8]-[C:7]-[c:6]2[c:1][c:2][nH:3][c:5]-12"
Bischler-Indole,"[NH2,NH3+1:8]-[c:5]1[cH:4][c:3][c:2][c:1][c:6]1.[Br:18][C$([CH2](C)(Br)),C$([CH](C)(C)(Br)):17]-[C:15](=[O:16])-[c:10]1[c:11][c:12][c:13][c:14][c:9]1>>[c:13]1[c:12][c:11][c:10]([c:9][c:14]1)-[c:15]1[c:17][c:4]2[c:3][c:2][c:1][c:6][c:5]2[nH+0:8]1"
Rap-Stoermer,"[Cl:1][CH2:2]-[C$([CH](C)),C$(C(C)(C)):3]=[O:4].[OH:12]-[c:11]1[c:6][c:7][c:8][c:9][c:10]1-[CH:13]=[O:14]>>[C:3](=[O:4])-[c:2]1[c:13][c:10]2[c:9][c:8][c:7][c:6][c:11]2[o:12]1"
Quinazolinone_formation,"[NH2,NH3+]-[C$([CX4](N)([c,C])([c,C])([c,C])),C$([CH](N)([c,C])([c,C])),C$([CH2](N)([c,C])),C$([CH3](N)):2].[NH2:12]-[c:7]1[c:6][c:5][c:4][c:3][c:8]1-[C:9](-[OH,O-:11])=[O:10]>>[C:2]-[n+0]-1[c:13][n:12][c:7]2[c:6][c:5][c:4][c:3][c:8]2[c:9]-1=[O:10]"
3-nitrile_pyridine,"[C$(C(=O)([CX4])([CX4])),C$([CH](=O)([CX4])):2](=[O:6])-[C$([CH]([CX4])),C$([CH2]):3]-[C$(C(=O)([CX4])([CX4])),C$([CH](=O)([CX4])):4]=[O:7].[NH2:8]-[C:9](=[O:10])-[CH2:11][C:12]#[N:13]>>[OH:10]-[c:9]1[n:8][c:4][c:3][c:2][c:11]1[C:12]#[N:13]"
Huisgen_1-3_Dipolar_Cycloaddition,"[C$(C(#C)([CX4])):2]#[C$(C(#C)([CX4])):1].[N$(N(~N)([CX4])):5]~[N]~[N]>>[c:2]1[c:1][n:5][n][n]1"
Huisgen_1_3_Dipolar_Cycloaddition_double_bond,"[C$(C(=C)([CX4])):2]=[C$(C(=C)([CX4])):1].[N$(N(~N)([CX4&D1])):5]~[N]~[N]>>[C:2]1[C:1][N:5][N]=[N]1"
Diels-Alder,"[C$(C(=C)([CX4,OX2,NX3])([CX4,OX2,NX3])),C$([CH](=C)([CX4,OX2,NX3])),C$([CH2](=C)):1]=[C$(C(=C)([CX4,OX2,NX3])([CX4,OX2,NX3])),C$([CH](=C)([CX4,OX2,NX3])),C$([CH2](=C)):2].[C$(C(=C)([CX4,OX2,NX3])([CX4,OX2,NX3])),C$([CH](=C)([CX4,OX2,NX3])),C$([CH2](=C)):3]=[C$([C](=C)(C)([CX4,OX2,NX3])),C$([CH](=C)(C)):4]-[C$([C](=C)(C)([CX4,OX2,NX3])),C$([CH](=C)(C)):5]=[C$(C(=C)([CX4,OX2,NX3])([CX4,OX2,NX3])),C$([CH](=C)([CX4,OX2,NX3])),C$([CH2](=C)):6]>>[C:1]1[C:2][C:3][C:4]=[C:5][C:6]1"
Diels-Alder-Alkyne,"[C$(C(#C)([CX4,OX2,NX3])),C$([CH](#C)):1]#[C$(C(#C)([CX4,OX2,NX3])),C$([CH](#C)):2].[C$(C(=C)([CX4,OX2,NX3])([CX4,OX2,NX3])),C$([CH](=C)([CX4,OX2,NX3])),C$([CH2](=C)):3]=[C$([C](=C)(C)([CX4,OX2,NX3])),C$([CH](=C)(C)):4]-[C$([C](=C)(C)([CX4,OX2,NX3])),C$([CH](=C)(C)):5]=[C$(C(=C)([CX4,OX2,NX3])([CX4,OX2,NX3])),C$([CH](=C)([CX4,OX2,NX3])),C$([CH2](=C)):6]>>[C:1]1=[C:2][C:3][C:4]=[C:5][C:6]1"
Peachmann_coumarine,"[OH:7]-[c:6]1[cH:1][c:2][c:3][c:4][c:5]1.[O$(O(C)([CX4])):12]-[C:11](=[O:15])-[C$([CH](C)(C)([CX4])),C$([CH2](C)(C)):10]-[C:8]=[O:16]>>[C:8]-1=[C:10]-[C:11](=[O:15])-[O]-[c:6]2[c:5][c:4][c:3][c:2][c:1]-12"
Dieckmann_5-ring,"[O$(O(C)([CX4])):8][C:7](=[O:9])[CH:6][C:5][C:4][C:3][C:2]([O$(O(C)([CX4])):10])=[O:1]>>[O:8][C:7](=[O:9])[C:6]1[C:5][C:4][C:3][C:2]1=[O:1]"
Dieckmann_6-ring,"[O$(O(C)([CX4])):8][C:7](=[O:9])[CH:6][C:5][C:11][C:4][C:3][C:2]([O$(O(C)([CX4])):10])=[O:1]>>[O:8][C:7](=[O:9])[C:6]1[C:5][C:11][C:4][C:3][C:2]1=[O:1]"
Flavone_formation,"[Cl:9][C:7](=[O:8])-[c:3]1[c:2][c:1][c:6][c:5][c:4]1.[C$([CH2](C)([CX4])),C$([CH3](C)):18]-[C:16](=[O:17])-[c:14]1[c:13][c:12][c:11][c:10][c:15]1-[OH:19]>>[O:17]=[C:16]-1-[C:18]=[C:7](-[O:8]-[c:15]2[c:10][c:11][c:12][c:13][c:14]-12)-[c:3]1[c:2][c:1][c:6][c:5][c:4]1"
Ester_formation,"[Cl,OH,O-:3][C$(C(=O)([CX4,c])),C$([CH](=O)):2]=[O:4].[O$([OH]([CX4,c])),O$([OH]([CX4,c])([CX4,c])),S$([SH]([CX4,c])),S$([SH]([CX4,c])([CX4,c])):6]>>[*:6]-[C:2]=[O:4]"
Mitsunobu_carboxlyic_acid,"[OH]-[C$(C(=O)(O)([CX4,c])):2]=[O:3].[OH:8]-[C$([CH](O)([CX4,c])([CX4,c])),C$([CH2](O)([CX4,c])),C$([CH3](O)):6]>>[C:6][O]-[C:2]=[O:3]"
Heck,"[C$([CH](=C)([CX4])),C$([CH2](=C)):2]=[C$(C(=C)([CX4])([CX4])),C$([CH](=C)([CX4])),C$([CH2](=C)):3].[Br,I:7][C$([CX4]([Br,I])),c$([c]([Br,I])):4]>>[C,c:4][C:2]=[C:3]"
Amide_formation,"[Cl,OH,O-:3][C$(C(=O)([CX4,c])),C$([CH](=O)):2]=[O:4].[N$([NH2,NH3+1]([CX4,c])),N$([NH]([CX4,c])([CX4,c])):6]>>[N+0:6]-[C:2]=[O:4]"
Thiolether_formation-Alkene,"[C$(C(=C)([CX4])([CX4])),C$([CH](=C)([CX4])),C$([CH2](=C)):1]=[C$(C(=C)([CX4])([CX4])),C$([CH](=C)([CX4])),C$([CH2](=C)):2].[SH:4]-[CX4:5][Br,Cl,I]>>[C:1]-[C:2]-[S:4][C:5]"
Thiolether_formation-Carboxlyic_acid,"[C$([C](=O)([CX4])),C$([CH](=O)):2](=[O:1])[OH,Cl,O-:6].[SH:4]-[CX4:5][Br,Cl,I]>>[CH2:2]-[S:4][C:5]"
Ketone_formation,"[I:1][C$(C(I)([CX4,c])([CX4,c])([CX4,c])),C$([CH](I)([CX4,c])([CX4,c])),C$([CH2](I)([CX4,c])),C$([CH3](I)):2].[C$(C(=O)([Cl,OH,O-])([CX4,c])),C$([CH]([Cl,OH,O-])(=O)):3](=[O:6])[Cl,OH,O-:5]>>[C:2]-[C:3]=[O:6]"
Sulfonamide_formation,"[Cl:5][S$(S(=O)(=O)(Cl)([CX4])):2](=[O:3])=[O:4].[NH2+0,NH3+:6]-[C$(C(N)([CX4,c])([CX4,c])([CX4,c])),C$([CH](N)([CX4,c])([CX4,c])),C$([CH2](N)([CX4,c])),C$([CH3](N)),c$(c(N)):7]>>[C,c:7]-[NH+0:6][S:2](=[O:4])=[O:3]"
Alkyne_alkylation,"[*:1][C:2]#[CH:3].[Br,I:4][C$(C([CX4,c])([CX4,c])([CX4,c])),C$([CH]([CX4,c])([CX4,c])),C$([CH2]([CX4,c])),C$([CH3]),c$(c):5]>>[C,c:5][C:3]#[C:2][*:1]"
Alkyne_acylation,"[C$(C(C)([CX4])([CX4])([CX4])),C$([CH](C)([CX4])([CX4])),C$([CH2](C)([CX4])),C$([CH3](C)):1][C:2]#[CH:3].[Br,I:4][C$(C(=O)([Br,I])([CX4])),C$([CH](=O)([Br,I])):5]=[O:6]>>[C:1][C:2]#[C:3][C:5]=[O:6]"
FGI_Acyl_chloride,"[OH,O-:4]-[C$(C(=O)([OH,O-])([CX4])),C$([CH](=O)([OH,O-])):2]=[O:3]>>[Cl:5][C:2]=[O:3]"
FGI_bromination,"[OH:2]-[$([CX4]),c:1]>>[Br:3][C,c:1]"
FGI_chlorination,"[OH:2]-[$([CX4]),c:1]>>[Cl:3][C,c:1]"
FGI_sulfonyl_chloride,"[OH,O-:3][S$(S([CX4])):2](=[O:4])=[O:5]>>[Cl:6][S:2](=[O:5])=[O:4]"
FGA_alpha_bromination,"[OH+0,O-:5]-[C:3](=[O:4])-[C$([CH]([CX4])),C$([CH2]):2]>>[OH+0,O-:5]-[C:3](=[O:4])-[C:2]([Br:6])"
FGA_alpha_chlorination,"[OH+0,O-:5]-[C:3](=[O:4])-[C$([CH]([CX4])),C$([CH2]):2]>>[OH+0,O-:5]-[C:3](=[O:4])-[C:2]([Cl:6])"
FGI_Rosenmund-von_Braun,"[Cl,I,Br:7][c:1]1[c:2][c:3][c:4][c:5][c:6]1>>[N:9]#[C:8][c:1]1[c:2][c:3][c:4][c:5][c:6]1"
FGI_nitrilation,"[OH,NH2,NH3+:3]-[CH2:2]-[C$(C([CX4,c])([CX4,c])([CX4,c])),C$([CH]([CX4,c])([CX4,c])),C$([CH2]([CX4,c])),C$([CH3]),c$(c):1]>>[C,c:1][C:2]#[N:4]"
